{"cameraMode":{"drawMode":0,"name":"Shaded","section":"Shading Mode"},"sceneLighting":false,"audioPlay":false,"sceneViewState":{"showFog":false,"showMaterialUpdate":false,"showSkybox":false,"showFlares":false,"showImageEffects":false,"showParticleSystems":false},"in2DMode":false,"pivot":{"x":-8.909441947937012,"y":1.5629512071609498,"z":-14.024445533752442},"rotation":{"x":-0.026133887469768525,"y":-0.9365137815475464,"z":0.3422773480415344,"w":-0.07150465250015259},"size":2.872281312942505,"orthographic":false}