{"cameraMode":{"drawMode":0,"name":"Shaded","section":"Shading Mode"},"sceneLighting":false,"audioPlay":false,"sceneViewState":{"showFog":false,"showMaterialUpdate":false,"showSkybox":false,"showFlares":false,"showImageEffects":false,"showParticleSystems":false},"in2DMode":false,"pivot":{"x":-2.111285448074341,"y":1.2487484216690064,"z":2.1560091972351076},"rotation":{"x":0.00036401362740434706,"y":-0.9881147146224976,"z":0.15388958156108857,"w":0.0023694203700870277},"size":1.2043540477752686,"orthographic":false}