{"cameraMode":{"drawMode":0,"name":"Shaded","section":"Shading Mode"},"sceneLighting":false,"audioPlay":false,"sceneViewState":{"showFog":false,"showMaterialUpdate":false,"showSkybox":false,"showFlares":false,"showImageEffects":false,"showParticleSystems":false},"in2DMode":false,"pivot":{"x":2.61201810836792,"y":2.4970815181732179,"z":-0.019307047128677369},"rotation":{"x":0.24690599739551545,"y":-0.6718576550483704,"z":0.25519421696662905,"w":0.6500436067581177},"size":0.4330126941204071,"orthographic":false}