{"cameraMode":{"drawMode":0,"name":"Shaded","section":"Shading Mode"},"sceneLighting":false,"audioPlay":false,"sceneViewState":{"showFog":false,"showMaterialUpdate":false,"showSkybox":false,"showFlares":false,"showImageEffects":false,"showParticleSystems":false},"in2DMode":false,"pivot":{"x":1.0510735511779786,"y":0.5134469866752625,"z":0.5619818568229675},"rotation":{"x":-0.06496750563383103,"y":-0.6882228851318359,"z":-0.06210789084434509,"w":0.719911515712738},"size":0.8660253882408142,"orthographic":false}