{"cameraMode":{"drawMode":0,"name":"Shaded","section":"Shading Mode"},"sceneLighting":false,"audioPlay":false,"sceneViewState":{"showFog":false,"showMaterialUpdate":false,"showSkybox":false,"showFlares":false,"showImageEffects":false,"showParticleSystems":false},"in2DMode":false,"pivot":{"x":-51.18492889404297,"y":1.1811165809631348,"z":-16.18741226196289},"rotation":{"x":0.17661121487617494,"y":-0.4395870864391327,"z":0.0886053815484047,"w":0.8762099146842957},"size":9.163936614990235,"orthographic":false}