{"cameraMode":{"drawMode":0,"name":"Shaded","section":"Shading Mode"},"sceneLighting":true,"audioPlay":false,"sceneViewState":{"showFog":false,"showMaterialUpdate":false,"showSkybox":false,"showFlares":false,"showImageEffects":false,"showParticleSystems":false},"in2DMode":false,"pivot":{"x":405.57537841796877,"y":-47.356842041015628,"z":105.27442169189453},"rotation":{"x":0.38380080461502077,"y":0.36880069971084597,"z":-0.1707027703523636,"w":0.8291849493980408},"size":453.1446533203125,"orthographic":false}